motif_id	motif_alt_id	sequence_name	start	stop	strand	score	p-value	q-value	matched_sequence
TA0767_Tp53_DBD_dimer		med	4	21	-	21.9016	3.14e-08	0	GACATGGCCGGACATGTC
TA0767_Tp53_DBD_dimer		high	4	21	-	21.9016	3.14e-08	0	GACATGGCCGGACATGTC
TA0767_Tp53_DBD_dimer		backup_high	4	21	-	21.9016	3.14e-08	0	GACATGGCCGGACATGTC
TA0767_Tp53_DBD_dimer		high	29	46	-	21.9016	3.14e-08	0	GACATGGCCGGACATGTC
TA0767_Tp53_DBD_dimer		backup_high	29	46	-	21.9016	3.14e-08	0	GACATGGCCGGACATGTC
TA0767_Tp53_DBD_dimer		med	35	52	-	21.9016	3.14e-08	0	GACATGGCCGGACATGTC
TA0767_Tp53_DBD_dimer		backup_high	54	71	-	21.9016	3.14e-08	0	GACATGGCCGGACATGTC
TA0767_Tp53_DBD_dimer		high	54	71	-	21.9016	3.14e-08	0	GACATGGCCGGACATGTC
TA0767_Tp53_DBD_dimer		med	66	83	-	21.9016	3.14e-08	0	GACATGGCCGGACATGTC
TA0767_Tp53_DBD_dimer		backup_high	79	96	-	21.9016	3.14e-08	0	GACATGGCCGGACATGTC
TA0767_Tp53_DBD_dimer		high	79	96	-	21.9016	3.14e-08	0	GACATGGCCGGACATGTC
TA0767_Tp53_DBD_dimer		low	97	114	-	21.9016	3.14e-08	0	GACATGGCCGGACATGTC
TA0767_Tp53_DBD_dimer		med	97	114	-	21.9016	3.14e-08	0	GACATGGCCGGACATGTC
MA0106.3.TP53		med	4	21	-	21.7755	3.41e-08	0	GACATGGCCGGACATGTC
MA0106.3.TP53		high	4	21	-	21.7755	3.41e-08	0	GACATGGCCGGACATGTC
MA0106.3.TP53		backup_high	4	21	-	21.7755	3.41e-08	0	GACATGGCCGGACATGTC
MA0106.3.TP53		high	29	46	-	21.7755	3.41e-08	0	GACATGGCCGGACATGTC
MA0106.3.TP53		backup_high	29	46	-	21.7755	3.41e-08	0	GACATGGCCGGACATGTC
MA0106.3.TP53		med	35	52	-	21.7755	3.41e-08	0	GACATGGCCGGACATGTC
MA0106.3.TP53		backup_high	54	71	-	21.7755	3.41e-08	0	GACATGGCCGGACATGTC
MA0106.3.TP53		high	54	71	-	21.7755	3.41e-08	0	GACATGGCCGGACATGTC
MA0106.3.TP53		med	66	83	-	21.7755	3.41e-08	0	GACATGGCCGGACATGTC
MA0106.3.TP53		backup_high	79	96	-	21.7755	3.41e-08	0	GACATGGCCGGACATGTC
MA0106.3.TP53		high	79	96	-	21.7755	3.41e-08	0	GACATGGCCGGACATGTC
MA0106.3.TP53		low	97	114	-	21.7755	3.41e-08	0	GACATGGCCGGACATGTC
MA0106.3.TP53		med	97	114	-	21.7755	3.41e-08	0	GACATGGCCGGACATGTC
MA0106.1.TP53		backup_high	1	20	+	20.1939	4.91e-08	0	ATGGACATGTCCGGCCATGT
MA0106.1.TP53		high	1	20	+	20.1939	4.91e-08	0	ATGGACATGTCCGGCCATGT
MA0106.1.TP53		med	1	20	+	20.1939	4.91e-08	0	ATGGACATGTCCGGCCATGT
MA0106.1.TP53		backup_high	26	45	+	20.1939	4.91e-08	0	ATGGACATGTCCGGCCATGT
MA0106.1.TP53		high	26	45	+	20.1939	4.91e-08	0	ATGGACATGTCCGGCCATGT
MA0106.1.TP53		med	32	51	+	20.1939	4.91e-08	0	ATGGACATGTCCGGCCATGT
MA0106.1.TP53		high	51	70	+	20.1939	4.91e-08	0	ATGGACATGTCCGGCCATGT
MA0106.1.TP53		backup_high	51	70	+	20.1939	4.91e-08	0	ATGGACATGTCCGGCCATGT
MA0106.1.TP53		med	63	82	+	20.1939	4.91e-08	0	ATGGACATGTCCGGCCATGT
MA0106.1.TP53		high	76	95	+	20.1939	4.91e-08	0	ATGGACATGTCCGGCCATGT
MA0106.1.TP53		backup_high	76	95	+	20.1939	4.91e-08	0	ATGGACATGTCCGGCCATGT
MA0106.1.TP53		med	94	113	+	20.1939	4.91e-08	0	ATGGACATGTCCGGCCATGT
MA0106.1.TP53		low	94	113	+	20.1939	4.91e-08	0	ATGGACATGTCCGGCCATGT
MA0106.1.TP53		backup_high	5	24	-	19.6122	6.49e-08	0	ATGGACATGGCCGGACATGT
MA0106.1.TP53		high	5	24	-	19.6122	6.49e-08	0	ATGGACATGGCCGGACATGT
MA0106.1.TP53		med	5	24	-	19.6122	6.49e-08	0	ATGGACATGGCCGGACATGT
MA0106.1.TP53		high	30	49	-	19.6122	6.49e-08	0	ATGGACATGGCCGGACATGT
MA0106.1.TP53		backup_high	30	49	-	19.6122	6.49e-08	0	ATGGACATGGCCGGACATGT
MA0106.1.TP53		med	36	55	-	19.6122	6.49e-08	0	ATGGACATGGCCGGACATGT
MA0106.1.TP53		backup_high	55	74	-	19.6122	6.49e-08	0	ATGGACATGGCCGGACATGT
MA0106.1.TP53		high	55	74	-	19.6122	6.49e-08	0	ATGGACATGGCCGGACATGT
MA0106.1.TP53		med	67	86	-	19.6122	6.49e-08	0	ATGGACATGGCCGGACATGT
MA0106.1.TP53		high	80	99	-	19.6122	6.49e-08	0	ATGGACATGGCCGGACATGT
MA0106.1.TP53		backup_high	80	99	-	19.6122	6.49e-08	0	ATGGACATGGCCGGACATGT
MA0106.1.TP53		low	98	117	-	19.6122	6.49e-08	0	ATGGACATGGCCGGACATGT
MA0106.1.TP53		med	98	117	-	19.6122	6.49e-08	0	ATGGACATGGCCGGACATGT
TA0767_Tp53_DBD_dimer		high	4	21	+	20.0492	1.12e-07	0	GACATGTCCGGCCATGTC
TA0767_Tp53_DBD_dimer		backup_high	4	21	+	20.0492	1.12e-07	0	GACATGTCCGGCCATGTC
TA0767_Tp53_DBD_dimer		med	4	21	+	20.0492	1.12e-07	0	GACATGTCCGGCCATGTC
TA0767_Tp53_DBD_dimer		backup_high	29	46	+	20.0492	1.12e-07	0	GACATGTCCGGCCATGTC
TA0767_Tp53_DBD_dimer		high	29	46	+	20.0492	1.12e-07	0	GACATGTCCGGCCATGTC
TA0767_Tp53_DBD_dimer		med	35	52	+	20.0492	1.12e-07	0	GACATGTCCGGCCATGTC
TA0767_Tp53_DBD_dimer		high	54	71	+	20.0492	1.12e-07	0	GACATGTCCGGCCATGTC
TA0767_Tp53_DBD_dimer		backup_high	54	71	+	20.0492	1.12e-07	0	GACATGTCCGGCCATGTC
TA0767_Tp53_DBD_dimer		med	66	83	+	20.0492	1.12e-07	0	GACATGTCCGGCCATGTC
TA0767_Tp53_DBD_dimer		high	79	96	+	20.0492	1.12e-07	0	GACATGTCCGGCCATGTC
TA0767_Tp53_DBD_dimer		backup_high	79	96	+	20.0492	1.12e-07	0	GACATGTCCGGCCATGTC
TA0767_Tp53_DBD_dimer		low	97	114	+	20.0492	1.12e-07	0	GACATGTCCGGCCATGTC
TA0767_Tp53_DBD_dimer		med	97	114	+	20.0492	1.12e-07	0	GACATGTCCGGCCATGTC
MA0106.3.TP53		high	4	21	+	19.7143	1.38e-07	0	GACATGTCCGGCCATGTC
MA0106.3.TP53		backup_high	4	21	+	19.7143	1.38e-07	0	GACATGTCCGGCCATGTC
MA0106.3.TP53		med	4	21	+	19.7143	1.38e-07	0	GACATGTCCGGCCATGTC
MA0106.3.TP53		backup_high	29	46	+	19.7143	1.38e-07	0	GACATGTCCGGCCATGTC
MA0106.3.TP53		high	29	46	+	19.7143	1.38e-07	0	GACATGTCCGGCCATGTC
MA0106.3.TP53		med	35	52	+	19.7143	1.38e-07	0	GACATGTCCGGCCATGTC
MA0106.3.TP53		high	54	71	+	19.7143	1.38e-07	0	GACATGTCCGGCCATGTC
MA0106.3.TP53		backup_high	54	71	+	19.7143	1.38e-07	0	GACATGTCCGGCCATGTC
MA0106.3.TP53		med	66	83	+	19.7143	1.38e-07	0	GACATGTCCGGCCATGTC
MA0106.3.TP53		high	79	96	+	19.7143	1.38e-07	0	GACATGTCCGGCCATGTC
MA0106.3.TP53		backup_high	79	96	+	19.7143	1.38e-07	0	GACATGTCCGGCCATGTC
MA0106.3.TP53		low	97	114	+	19.7143	1.38e-07	0	GACATGTCCGGCCATGTC
MA0106.3.TP53		med	97	114	+	19.7143	1.38e-07	0	GACATGTCCGGCCATGTC
P53_HUMAN.H10MO.B		med	3	22	-	19.4394	1.44e-07	0	GGACATGGCCGGACATGTCC
P53_HUMAN.H10MO.B		high	3	22	-	19.4394	1.44e-07	0	GGACATGGCCGGACATGTCC
P53_HUMAN.H10MO.B		backup_high	3	22	-	19.4394	1.44e-07	0	GGACATGGCCGGACATGTCC
P53_HUMAN.H10MO.B		high	28	47	-	19.4394	1.44e-07	0	GGACATGGCCGGACATGTCC
P53_HUMAN.H10MO.B		backup_high	28	47	-	19.4394	1.44e-07	0	GGACATGGCCGGACATGTCC
P53_HUMAN.H10MO.B		med	34	53	-	19.4394	1.44e-07	0	GGACATGGCCGGACATGTCC
P53_HUMAN.H10MO.B		backup_high	53	72	-	19.4394	1.44e-07	0	GGACATGGCCGGACATGTCC
P53_HUMAN.H10MO.B		high	53	72	-	19.4394	1.44e-07	0	GGACATGGCCGGACATGTCC
P53_HUMAN.H10MO.B		med	65	84	-	19.4394	1.44e-07	0	GGACATGGCCGGACATGTCC
P53_HUMAN.H10MO.B		backup_high	78	97	-	19.4394	1.44e-07	0	GGACATGGCCGGACATGTCC
P53_HUMAN.H10MO.B		high	78	97	-	19.4394	1.44e-07	0	GGACATGGCCGGACATGTCC
P53_HUMAN.H10MO.B		low	96	115	-	19.4394	1.44e-07	0	GGACATGGCCGGACATGTCC
P53_HUMAN.H10MO.B		med	96	115	-	19.4394	1.44e-07	0	GGACATGGCCGGACATGTCC
P53_HUMAN.H10MO.B		high	3	22	+	19.4091	1.47e-07	0	GGACATGTCCGGCCATGTCC
P53_HUMAN.H10MO.B		backup_high	3	22	+	19.4091	1.47e-07	0	GGACATGTCCGGCCATGTCC
P53_HUMAN.H10MO.B		med	3	22	+	19.4091	1.47e-07	0	GGACATGTCCGGCCATGTCC
P53_HUMAN.H10MO.B		backup_high	28	47	+	19.4091	1.47e-07	0	GGACATGTCCGGCCATGTCC
P53_HUMAN.H10MO.B		high	28	47	+	19.4091	1.47e-07	0	GGACATGTCCGGCCATGTCC
P53_HUMAN.H10MO.B		med	34	53	+	19.4091	1.47e-07	0	GGACATGTCCGGCCATGTCC
P53_HUMAN.H10MO.B		high	53	72	+	19.4091	1.47e-07	0	GGACATGTCCGGCCATGTCC
P53_HUMAN.H10MO.B		backup_high	53	72	+	19.4091	1.47e-07	0	GGACATGTCCGGCCATGTCC
P53_HUMAN.H10MO.B		med	65	84	+	19.4091	1.47e-07	0	GGACATGTCCGGCCATGTCC
P53_HUMAN.H10MO.B		high	78	97	+	19.4091	1.47e-07	0	GGACATGTCCGGCCATGTCC
P53_HUMAN.H10MO.B		backup_high	78	97	+	19.4091	1.47e-07	0	GGACATGTCCGGCCATGTCC
P53_HUMAN.H10MO.B		low	96	115	+	19.4091	1.47e-07	0	GGACATGTCCGGCCATGTCC
P53_HUMAN.H10MO.B		med	96	115	+	19.4091	1.47e-07	0	GGACATGTCCGGCCATGTCC
MA0861.1.TP73		high	4	21	+	18.4615	4.09e-07	0	GACATGTCCGGCCATGTC
MA0861.1.TP73		backup_high	4	21	+	18.4615	4.09e-07	0	GACATGTCCGGCCATGTC
MA0861.1.TP73		med	4	21	+	18.4615	4.09e-07	0	GACATGTCCGGCCATGTC
MA0861.1.TP73		backup_high	29	46	+	18.4615	4.09e-07	0	GACATGTCCGGCCATGTC
MA0861.1.TP73		high	29	46	+	18.4615	4.09e-07	0	GACATGTCCGGCCATGTC
MA0861.1.TP73		med	35	52	+	18.4615	4.09e-07	0	GACATGTCCGGCCATGTC
MA0861.1.TP73		high	54	71	+	18.4615	4.09e-07	0	GACATGTCCGGCCATGTC
MA0861.1.TP73		backup_high	54	71	+	18.4615	4.09e-07	0	GACATGTCCGGCCATGTC
MA0861.1.TP73		med	66	83	+	18.4615	4.09e-07	0	GACATGTCCGGCCATGTC
MA0861.1.TP73		high	79	96	+	18.4615	4.09e-07	0	GACATGTCCGGCCATGTC
MA0861.1.TP73		backup_high	79	96	+	18.4615	4.09e-07	0	GACATGTCCGGCCATGTC
MA0861.1.TP73		low	97	114	+	18.4615	4.09e-07	0	GACATGTCCGGCCATGTC
MA0861.1.TP73		med	97	114	+	18.4615	4.09e-07	0	GACATGTCCGGCCATGTC
TA0768_Tp73_DBD_dimer		high	4	21	+	18.4426	4.19e-07	0	GACATGTCCGGCCATGTC
TA0768_Tp73_DBD_dimer		backup_high	4	21	+	18.4426	4.19e-07	0	GACATGTCCGGCCATGTC
TA0768_Tp73_DBD_dimer		med	4	21	+	18.4426	4.19e-07	0	GACATGTCCGGCCATGTC
TA0768_Tp73_DBD_dimer		backup_high	29	46	+	18.4426	4.19e-07	0	GACATGTCCGGCCATGTC
TA0768_Tp73_DBD_dimer		high	29	46	+	18.4426	4.19e-07	0	GACATGTCCGGCCATGTC
TA0768_Tp73_DBD_dimer		med	35	52	+	18.4426	4.19e-07	0	GACATGTCCGGCCATGTC
TA0768_Tp73_DBD_dimer		high	54	71	+	18.4426	4.19e-07	0	GACATGTCCGGCCATGTC
TA0768_Tp73_DBD_dimer		backup_high	54	71	+	18.4426	4.19e-07	0	GACATGTCCGGCCATGTC
TA0768_Tp73_DBD_dimer		med	66	83	+	18.4426	4.19e-07	0	GACATGTCCGGCCATGTC
TA0768_Tp73_DBD_dimer		high	79	96	+	18.4426	4.19e-07	0	GACATGTCCGGCCATGTC
TA0768_Tp73_DBD_dimer		backup_high	79	96	+	18.4426	4.19e-07	0	GACATGTCCGGCCATGTC
TA0768_Tp73_DBD_dimer		low	97	114	+	18.4426	4.19e-07	0	GACATGTCCGGCCATGTC
TA0768_Tp73_DBD_dimer		med	97	114	+	18.4426	4.19e-07	0	GACATGTCCGGCCATGTC
MA0861.1.TP73		backup_high	4	21	-	17.4808	8.13e-07	0	GACATGGCCGGACATGTC
MA0861.1.TP73		med	4	21	-	17.4808	8.13e-07	0	GACATGGCCGGACATGTC
MA0861.1.TP73		high	4	21	-	17.4808	8.13e-07	0	GACATGGCCGGACATGTC
MA0861.1.TP73		backup_high	29	46	-	17.4808	8.13e-07	0	GACATGGCCGGACATGTC
MA0861.1.TP73		high	29	46	-	17.4808	8.13e-07	0	GACATGGCCGGACATGTC
MA0861.1.TP73		med	35	52	-	17.4808	8.13e-07	0	GACATGGCCGGACATGTC
MA0861.1.TP73		backup_high	54	71	-	17.4808	8.13e-07	0	GACATGGCCGGACATGTC
MA0861.1.TP73		high	54	71	-	17.4808	8.13e-07	0	GACATGGCCGGACATGTC
MA0861.1.TP73		med	66	83	-	17.4808	8.13e-07	0	GACATGGCCGGACATGTC
MA0861.1.TP73		backup_high	79	96	-	17.4808	8.13e-07	0	GACATGGCCGGACATGTC
MA0861.1.TP73		high	79	96	-	17.4808	8.13e-07	0	GACATGGCCGGACATGTC
MA0861.1.TP73		low	97	114	-	17.4808	8.13e-07	0	GACATGGCCGGACATGTC
MA0861.1.TP73		med	97	114	-	17.4808	8.13e-07	0	GACATGGCCGGACATGTC
TA0768_Tp73_DBD_dimer		backup_high	4	21	-	17.4754	8.24e-07	0	GACATGGCCGGACATGTC
TA0768_Tp73_DBD_dimer		med	4	21	-	17.4754	8.24e-07	0	GACATGGCCGGACATGTC
TA0768_Tp73_DBD_dimer		high	4	21	-	17.4754	8.24e-07	0	GACATGGCCGGACATGTC
TA0768_Tp73_DBD_dimer		backup_high	29	46	-	17.4754	8.24e-07	0	GACATGGCCGGACATGTC
TA0768_Tp73_DBD_dimer		high	29	46	-	17.4754	8.24e-07	0	GACATGGCCGGACATGTC
TA0768_Tp73_DBD_dimer		med	35	52	-	17.4754	8.24e-07	0	GACATGGCCGGACATGTC
TA0768_Tp73_DBD_dimer		backup_high	54	71	-	17.4754	8.24e-07	0	GACATGGCCGGACATGTC
TA0768_Tp73_DBD_dimer		high	54	71	-	17.4754	8.24e-07	0	GACATGGCCGGACATGTC
TA0768_Tp73_DBD_dimer		med	66	83	-	17.4754	8.24e-07	0	GACATGGCCGGACATGTC
TA0768_Tp73_DBD_dimer		backup_high	79	96	-	17.4754	8.24e-07	0	GACATGGCCGGACATGTC
TA0768_Tp73_DBD_dimer		high	79	96	-	17.4754	8.24e-07	0	GACATGGCCGGACATGTC
TA0768_Tp73_DBD_dimer		low	97	114	-	17.4754	8.24e-07	0	GACATGGCCGGACATGTC
TA0768_Tp73_DBD_dimer		med	97	114	-	17.4754	8.24e-07	0	GACATGGCCGGACATGTC
P73_HUMAN.H10MO.A		med	3	22	-	16.5714	1.32e-06	0	GGACATGGCCGGACATGTCC
P73_HUMAN.H10MO.A		high	3	22	-	16.5714	1.32e-06	0	GGACATGGCCGGACATGTCC
P73_HUMAN.H10MO.A		backup_high	3	22	-	16.5714	1.32e-06	0	GGACATGGCCGGACATGTCC
P73_HUMAN.H10MO.A		high	28	47	-	16.5714	1.32e-06	0	GGACATGGCCGGACATGTCC
P73_HUMAN.H10MO.A		backup_high	28	47	-	16.5714	1.32e-06	0	GGACATGGCCGGACATGTCC
P73_HUMAN.H10MO.A		med	34	53	-	16.5714	1.32e-06	0	GGACATGGCCGGACATGTCC
P73_HUMAN.H10MO.A		backup_high	53	72	-	16.5714	1.32e-06	0	GGACATGGCCGGACATGTCC
P73_HUMAN.H10MO.A		high	53	72	-	16.5714	1.32e-06	0	GGACATGGCCGGACATGTCC
P73_HUMAN.H10MO.A		med	65	84	-	16.5714	1.32e-06	0	GGACATGGCCGGACATGTCC
P73_HUMAN.H10MO.A		high	78	97	-	16.5714	1.32e-06	0	GGACATGGCCGGACATGTCC
P73_HUMAN.H10MO.A		backup_high	78	97	-	16.5714	1.32e-06	0	GGACATGGCCGGACATGTCC
P73_HUMAN.H10MO.A		low	96	115	-	16.5714	1.32e-06	0	GGACATGGCCGGACATGTCC
P73_HUMAN.H10MO.A		med	96	115	-	16.5714	1.32e-06	0	GGACATGGCCGGACATGTCC
AJ_ELK1::EVX1		backup_high	24	40	-	15.8871	1.51e-06	0	GCCGGACATGTCCATTA
AJ_ELK1::EVX1		high	24	40	-	15.8871	1.51e-06	0	GCCGGACATGTCCATTA
AJ_ELK1::EVX1		high	74	90	-	15.8871	1.51e-06	0	GCCGGACATGTCCATTA
AJ_ELK1::EVX1		backup_high	74	90	-	15.8871	1.51e-06	0	GCCGGACATGTCCATTA
TA0766_Tp53_DBD_dimer		med	56	72	-	15.2951	1.93e-06	0	ACATGTCCATAGCAGGC
TA0764_TP63_DBD_dimer		backup_high	4	21	+	11.9508	2.04e-06	0	GACATGTCCGGCCATGTC
TA0764_TP63_DBD_dimer		high	4	21	+	11.9508	2.04e-06	0	GACATGTCCGGCCATGTC
TA0764_TP63_DBD_dimer		med	4	21	+	11.9508	2.04e-06	0	GACATGTCCGGCCATGTC
TA0764_TP63_DBD_dimer		high	29	46	+	11.9508	2.04e-06	0	GACATGTCCGGCCATGTC
TA0764_TP63_DBD_dimer		backup_high	29	46	+	11.9508	2.04e-06	0	GACATGTCCGGCCATGTC
TA0764_TP63_DBD_dimer		med	35	52	+	11.9508	2.04e-06	0	GACATGTCCGGCCATGTC
TA0764_TP63_DBD_dimer		backup_high	54	71	+	11.9508	2.04e-06	0	GACATGTCCGGCCATGTC
TA0764_TP63_DBD_dimer		high	54	71	+	11.9508	2.04e-06	0	GACATGTCCGGCCATGTC
TA0764_TP63_DBD_dimer		med	66	83	+	11.9508	2.04e-06	0	GACATGTCCGGCCATGTC
TA0764_TP63_DBD_dimer		high	79	96	+	11.9508	2.04e-06	0	GACATGTCCGGCCATGTC
TA0764_TP63_DBD_dimer		backup_high	79	96	+	11.9508	2.04e-06	0	GACATGTCCGGCCATGTC
TA0764_TP63_DBD_dimer		med	97	114	+	11.9508	2.04e-06	0	GACATGTCCGGCCATGTC
TA0764_TP63_DBD_dimer		low	97	114	+	11.9508	2.04e-06	0	GACATGTCCGGCCATGTC
TA0764_TP63_DBD_dimer		med	4	21	-	11.9344	2.05e-06	0	GACATGGCCGGACATGTC
TA0764_TP63_DBD_dimer		backup_high	4	21	-	11.9344	2.05e-06	0	GACATGGCCGGACATGTC
TA0764_TP63_DBD_dimer		high	4	21	-	11.9344	2.05e-06	0	GACATGGCCGGACATGTC
TA0764_TP63_DBD_dimer		high	29	46	-	11.9344	2.05e-06	0	GACATGGCCGGACATGTC
TA0764_TP63_DBD_dimer		backup_high	29	46	-	11.9344	2.05e-06	0	GACATGGCCGGACATGTC
TA0764_TP63_DBD_dimer		med	35	52	-	11.9344	2.05e-06	0	GACATGGCCGGACATGTC
TA0764_TP63_DBD_dimer		backup_high	54	71	-	11.9344	2.05e-06	0	GACATGGCCGGACATGTC
TA0764_TP63_DBD_dimer		high	54	71	-	11.9344	2.05e-06	0	GACATGGCCGGACATGTC
TA0764_TP63_DBD_dimer		med	66	83	-	11.9344	2.05e-06	0	GACATGGCCGGACATGTC
TA0764_TP63_DBD_dimer		backup_high	79	96	-	11.9344	2.05e-06	0	GACATGGCCGGACATGTC
TA0764_TP63_DBD_dimer		high	79	96	-	11.9344	2.05e-06	0	GACATGGCCGGACATGTC
TA0764_TP63_DBD_dimer		low	97	114	-	11.9344	2.05e-06	0	GACATGGCCGGACATGTC
TA0764_TP63_DBD_dimer		med	97	114	-	11.9344	2.05e-06	0	GACATGGCCGGACATGTC
P63_HUMAN.H10MO.S		backup_high	3	13	+	14.7041	2.6e-06	0	GGACATGTCCG
P63_HUMAN.H10MO.S		med	3	13	+	14.7041	2.6e-06	0	GGACATGTCCG
P63_HUMAN.H10MO.S		high	3	13	+	14.7041	2.6e-06	0	GGACATGTCCG
P63_HUMAN.H10MO.S		high	28	38	+	14.7041	2.6e-06	0	GGACATGTCCG
P63_HUMAN.H10MO.S		backup_high	28	38	+	14.7041	2.6e-06	0	GGACATGTCCG
P63_HUMAN.H10MO.S		med	34	44	+	14.7041	2.6e-06	0	GGACATGTCCG
P63_HUMAN.H10MO.S		backup_high	53	63	+	14.7041	2.6e-06	0	GGACATGTCCG
P63_HUMAN.H10MO.S		high	53	63	+	14.7041	2.6e-06	0	GGACATGTCCG
P63_HUMAN.H10MO.S		med	65	75	+	14.7041	2.6e-06	0	GGACATGTCCG
P63_HUMAN.H10MO.S		backup_high	78	88	+	14.7041	2.6e-06	0	GGACATGTCCG
P63_HUMAN.H10MO.S		high	78	88	+	14.7041	2.6e-06	0	GGACATGTCCG
P63_HUMAN.H10MO.S		low	96	106	+	14.7041	2.6e-06	0	GGACATGTCCG
P63_HUMAN.H10MO.S		med	96	106	+	14.7041	2.6e-06	0	GGACATGTCCG
AJ_ETV2::GSC2_004		high	24	40	-	15.459	2.94e-06	0	GCCGGACATGTCCATTA
AJ_ETV2::GSC2_004		backup_high	24	40	-	15.459	2.94e-06	0	GCCGGACATGTCCATTA
AJ_ETV2::GSC2_004		high	74	90	-	15.459	2.94e-06	0	GCCGGACATGTCCATTA
AJ_ETV2::GSC2_004		backup_high	74	90	-	15.459	2.94e-06	0	GCCGGACATGTCCATTA
MA0525.2.TP63		backup_high	4	21	+	10.3966	3.37e-06	0	GACATGTCCGGCCATGTC
MA0525.2.TP63		high	4	21	+	10.3966	3.37e-06	0	GACATGTCCGGCCATGTC
MA0525.2.TP63		med	4	21	+	10.3966	3.37e-06	0	GACATGTCCGGCCATGTC
MA0525.2.TP63		med	4	21	-	10.3966	3.37e-06	0	GACATGGCCGGACATGTC
MA0525.2.TP63		high	4	21	-	10.3966	3.37e-06	0	GACATGGCCGGACATGTC
MA0525.2.TP63		backup_high	4	21	-	10.3966	3.37e-06	0	GACATGGCCGGACATGTC
MA0525.2.TP63		high	29	46	+	10.3966	3.37e-06	0	GACATGTCCGGCCATGTC
MA0525.2.TP63		backup_high	29	46	+	10.3966	3.37e-06	0	GACATGTCCGGCCATGTC
MA0525.2.TP63		med	35	52	+	10.3966	3.37e-06	0	GACATGTCCGGCCATGTC
MA0525.2.TP63		backup_high	29	46	-	10.3966	3.37e-06	0	GACATGGCCGGACATGTC
MA0525.2.TP63		high	29	46	-	10.3966	3.37e-06	0	GACATGGCCGGACATGTC
MA0525.2.TP63		med	35	52	-	10.3966	3.37e-06	0	GACATGGCCGGACATGTC
MA0525.2.TP63		high	54	71	+	10.3966	3.37e-06	0	GACATGTCCGGCCATGTC
MA0525.2.TP63		backup_high	54	71	+	10.3966	3.37e-06	0	GACATGTCCGGCCATGTC
MA0525.2.TP63		med	66	83	+	10.3966	3.37e-06	0	GACATGTCCGGCCATGTC
MA0525.2.TP63		high	54	71	-	10.3966	3.37e-06	0	GACATGGCCGGACATGTC
MA0525.2.TP63		backup_high	54	71	-	10.3966	3.37e-06	0	GACATGGCCGGACATGTC
MA0525.2.TP63		backup_high	79	96	+	10.3966	3.37e-06	0	GACATGTCCGGCCATGTC
MA0525.2.TP63		high	79	96	+	10.3966	3.37e-06	0	GACATGTCCGGCCATGTC
MA0525.2.TP63		med	66	83	-	10.3966	3.37e-06	0	GACATGGCCGGACATGTC
MA0525.2.TP63		backup_high	79	96	-	10.3966	3.37e-06	0	GACATGGCCGGACATGTC
MA0525.2.TP63		high	79	96	-	10.3966	3.37e-06	0	GACATGGCCGGACATGTC
MA0525.2.TP63		low	97	114	+	10.3966	3.37e-06	0	GACATGTCCGGCCATGTC
MA0525.2.TP63		med	97	114	+	10.3966	3.37e-06	0	GACATGTCCGGCCATGTC
MA0525.2.TP63		low	97	114	-	10.3966	3.37e-06	0	GACATGGCCGGACATGTC
MA0525.2.TP63		med	97	114	-	10.3966	3.37e-06	0	GACATGGCCGGACATGTC
MA0525.1.TP63		med	44	63	+	15.2308	3.61e-06	0	GGCCATGTCCATGCCTGCTA
P73_HUMAN.H10MO.S		backup_high	2	13	+	13.5354	7.31e-06	0	TGGACATGTCCG
P73_HUMAN.H10MO.S		high	2	13	+	13.5354	7.31e-06	0	TGGACATGTCCG
P73_HUMAN.H10MO.S		med	2	13	+	13.5354	7.31e-06	0	TGGACATGTCCG
P73_HUMAN.H10MO.S		high	27	38	+	13.5354	7.31e-06	0	TGGACATGTCCG
P73_HUMAN.H10MO.S		backup_high	27	38	+	13.5354	7.31e-06	0	TGGACATGTCCG
P73_HUMAN.H10MO.S		med	33	44	+	13.5354	7.31e-06	0	TGGACATGTCCG
P73_HUMAN.H10MO.S		backup_high	52	63	+	13.5354	7.31e-06	0	TGGACATGTCCG
P73_HUMAN.H10MO.S		high	52	63	+	13.5354	7.31e-06	0	TGGACATGTCCG
P73_HUMAN.H10MO.S		med	64	75	+	13.5354	7.31e-06	0	TGGACATGTCCG
P73_HUMAN.H10MO.S		high	77	88	+	13.5354	7.31e-06	0	TGGACATGTCCG
P73_HUMAN.H10MO.S		backup_high	77	88	+	13.5354	7.31e-06	0	TGGACATGTCCG
P73_HUMAN.H10MO.S		med	95	106	+	13.5354	7.31e-06	0	TGGACATGTCCG
P73_HUMAN.H10MO.S		low	95	106	+	13.5354	7.31e-06	0	TGGACATGTCCG
MA0525.1.TP63		high	3	22	+	14.25	7.44e-06	0	GGACATGTCCGGCCATGTCC
MA0525.1.TP63		backup_high	3	22	+	14.25	7.44e-06	0	GGACATGTCCGGCCATGTCC
MA0525.1.TP63		med	3	22	+	14.25	7.44e-06	0	GGACATGTCCGGCCATGTCC
MA0525.1.TP63		high	28	47	+	14.25	7.44e-06	0	GGACATGTCCGGCCATGTCC
MA0525.1.TP63		backup_high	28	47	+	14.25	7.44e-06	0	GGACATGTCCGGCCATGTCC
MA0525.1.TP63		med	34	53	+	14.25	7.44e-06	0	GGACATGTCCGGCCATGTCC
MA0525.1.TP63		backup_high	53	72	+	14.25	7.44e-06	0	GGACATGTCCGGCCATGTCC
MA0525.1.TP63		high	53	72	+	14.25	7.44e-06	0	GGACATGTCCGGCCATGTCC
MA0525.1.TP63		med	65	84	+	14.25	7.44e-06	0	GGACATGTCCGGCCATGTCC
MA0525.1.TP63		high	78	97	+	14.25	7.44e-06	0	GGACATGTCCGGCCATGTCC
MA0525.1.TP63		backup_high	78	97	+	14.25	7.44e-06	0	GGACATGTCCGGCCATGTCC
MA0525.1.TP63		low	96	115	+	14.25	7.44e-06	0	GGACATGTCCGGCCATGTCC
MA0525.1.TP63		med	96	115	+	14.25	7.44e-06	0	GGACATGTCCGGCCATGTCC
P63_HUMAN.H10MO.A		med	45	63	-	13.9714	8.11e-06	0	TAGCAGGCATGGACATGGC
P73_HUMAN.H10MO.A		med	44	63	-	13.7143	9.02e-06	0	TAGCAGGCATGGACATGGCC
AJ_ELK1::EVX1		backup_high	49	65	-	13.6613	9.08e-06	0	GCCGGACATGTCCATCA
AJ_ELK1::EVX1		high	49	65	-	13.6613	9.08e-06	0	GCCGGACATGTCCATCA
AJ_ETV5::EVX1_002		high	23	40	-	13.6515	1.06e-05	0	GCCGGACATGTCCATTAT
AJ_ETV5::EVX1_002		backup_high	23	40	-	13.6515	1.06e-05	0	GCCGGACATGTCCATTAT
AJ_ETV5::EVX1_002		high	73	90	-	13.6515	1.06e-05	0	GCCGGACATGTCCATTAT
AJ_ETV5::EVX1_002		backup_high	73	90	-	13.6515	1.06e-05	0	GCCGGACATGTCCATTAT
P63_HUMAN.H10MO.A		high	3	21	+	13.4857	1.11e-05	0	GGACATGTCCGGCCATGTC
P63_HUMAN.H10MO.A		backup_high	3	21	+	13.4857	1.11e-05	0	GGACATGTCCGGCCATGTC
P63_HUMAN.H10MO.A		med	3	21	+	13.4857	1.11e-05	0	GGACATGTCCGGCCATGTC
P63_HUMAN.H10MO.A		high	28	46	+	13.4857	1.11e-05	0	GGACATGTCCGGCCATGTC
P63_HUMAN.H10MO.A		backup_high	28	46	+	13.4857	1.11e-05	0	GGACATGTCCGGCCATGTC
P63_HUMAN.H10MO.A		med	34	52	+	13.4857	1.11e-05	0	GGACATGTCCGGCCATGTC
P63_HUMAN.H10MO.A		backup_high	53	71	+	13.4857	1.11e-05	0	GGACATGTCCGGCCATGTC
P63_HUMAN.H10MO.A		high	53	71	+	13.4857	1.11e-05	0	GGACATGTCCGGCCATGTC
P63_HUMAN.H10MO.A		med	65	83	+	13.4857	1.11e-05	0	GGACATGTCCGGCCATGTC
P63_HUMAN.H10MO.A		high	78	96	+	13.4857	1.11e-05	0	GGACATGTCCGGCCATGTC
P63_HUMAN.H10MO.A		backup_high	78	96	+	13.4857	1.11e-05	0	GGACATGTCCGGCCATGTC
P63_HUMAN.H10MO.A		low	96	114	+	13.4857	1.11e-05	0	GGACATGTCCGGCCATGTC
P63_HUMAN.H10MO.A		med	96	114	+	13.4857	1.11e-05	0	GGACATGTCCGGCCATGTC
MA0106.1.TP53		med	57	76	-	6.0102	1.15e-05	0	CCGGACATGTCCATAGCAGG
P63_HUMAN.H10MO.S		backup_high	2	12	-	13.0204	1.16e-05	0	GGACATGTCCA
P63_HUMAN.H10MO.S		high	2	12	-	13.0204	1.16e-05	0	GGACATGTCCA
P63_HUMAN.H10MO.S		med	2	12	-	13.0204	1.16e-05	0	GGACATGTCCA
P63_HUMAN.H10MO.S		backup_high	27	37	-	13.0204	1.16e-05	0	GGACATGTCCA
P63_HUMAN.H10MO.S		high	27	37	-	13.0204	1.16e-05	0	GGACATGTCCA
P63_HUMAN.H10MO.S		med	33	43	-	13.0204	1.16e-05	0	GGACATGTCCA
P63_HUMAN.H10MO.S		high	52	62	-	13.0204	1.16e-05	0	GGACATGTCCA
P63_HUMAN.H10MO.S		backup_high	52	62	-	13.0204	1.16e-05	0	GGACATGTCCA
P63_HUMAN.H10MO.S		med	64	74	-	13.0204	1.16e-05	0	GGACATGTCCA
P63_HUMAN.H10MO.S		high	77	87	-	13.0204	1.16e-05	0	GGACATGTCCA
P63_HUMAN.H10MO.S		backup_high	77	87	-	13.0204	1.16e-05	0	GGACATGTCCA
P63_HUMAN.H10MO.S		low	95	105	-	13.0204	1.16e-05	0	GGACATGTCCA
P63_HUMAN.H10MO.S		med	95	105	-	13.0204	1.16e-05	0	GGACATGTCCA
P63_HUMAN.H10MO.A		med	4	22	-	13.4143	1.16e-05	0	GGACATGGCCGGACATGTC
P63_HUMAN.H10MO.A		backup_high	4	22	-	13.4143	1.16e-05	0	GGACATGGCCGGACATGTC
P63_HUMAN.H10MO.A		high	4	22	-	13.4143	1.16e-05	0	GGACATGGCCGGACATGTC
P63_HUMAN.H10MO.A		high	29	47	-	13.4143	1.16e-05	0	GGACATGGCCGGACATGTC
P63_HUMAN.H10MO.A		backup_high	29	47	-	13.4143	1.16e-05	0	GGACATGGCCGGACATGTC
P63_HUMAN.H10MO.A		med	35	53	-	13.4143	1.16e-05	0	GGACATGGCCGGACATGTC
P63_HUMAN.H10MO.A		backup_high	54	72	-	13.4143	1.16e-05	0	GGACATGGCCGGACATGTC
P63_HUMAN.H10MO.A		high	54	72	-	13.4143	1.16e-05	0	GGACATGGCCGGACATGTC
P63_HUMAN.H10MO.A		med	66	84	-	13.4143	1.16e-05	0	GGACATGGCCGGACATGTC
P63_HUMAN.H10MO.A		backup_high	79	97	-	13.4143	1.16e-05	0	GGACATGGCCGGACATGTC
P63_HUMAN.H10MO.A		high	79	97	-	13.4143	1.16e-05	0	GGACATGGCCGGACATGTC
P63_HUMAN.H10MO.A		low	97	115	-	13.4143	1.16e-05	0	GGACATGGCCGGACATGTC
P63_HUMAN.H10MO.A		med	97	115	-	13.4143	1.16e-05	0	GGACATGGCCGGACATGTC
AJ_ETV2::FOXI1_003		med	61	77	-	13.2973	1.17e-05	0	GCCGGACATGTCCATAG
MA0106.1.TP53		med	42	61	+	5.77551	1.24e-05	0	CCGGCCATGTCCATGCCTGC
P73_HUMAN.H10MO.A		high	3	22	+	13.1633	1.25e-05	0	GGACATGTCCGGCCATGTCC
P73_HUMAN.H10MO.A		backup_high	3	22	+	13.1633	1.25e-05	0	GGACATGTCCGGCCATGTCC
P73_HUMAN.H10MO.A		med	3	22	+	13.1633	1.25e-05	0	GGACATGTCCGGCCATGTCC
P73_HUMAN.H10MO.A		backup_high	28	47	+	13.1633	1.25e-05	0	GGACATGTCCGGCCATGTCC
P73_HUMAN.H10MO.A		high	28	47	+	13.1633	1.25e-05	0	GGACATGTCCGGCCATGTCC
P73_HUMAN.H10MO.A		med	34	53	+	13.1633	1.25e-05	0	GGACATGTCCGGCCATGTCC
P73_HUMAN.H10MO.A		high	53	72	+	13.1633	1.25e-05	0	GGACATGTCCGGCCATGTCC
P73_HUMAN.H10MO.A		backup_high	53	72	+	13.1633	1.25e-05	0	GGACATGTCCGGCCATGTCC
P73_HUMAN.H10MO.A		med	65	84	+	13.1633	1.25e-05	0	GGACATGTCCGGCCATGTCC
P73_HUMAN.H10MO.A		backup_high	78	97	+	13.1633	1.25e-05	0	GGACATGTCCGGCCATGTCC
P73_HUMAN.H10MO.A		high	78	97	+	13.1633	1.25e-05	0	GGACATGTCCGGCCATGTCC
P73_HUMAN.H10MO.A		low	96	115	+	13.1633	1.25e-05	0	GGACATGTCCGGCCATGTCC
P73_HUMAN.H10MO.A		med	96	115	+	13.1633	1.25e-05	0	GGACATGTCCGGCCATGTCC
AJ_ERF::DLX3_002		high	24	40	-	12.8286	1.39e-05	0	GCCGGACATGTCCATTA
AJ_ERF::DLX3_002		backup_high	24	40	-	12.8286	1.39e-05	0	GCCGGACATGTCCATTA
AJ_ERF::DLX3_002		high	74	90	-	12.8286	1.39e-05	0	GCCGGACATGTCCATTA
AJ_ERF::DLX3_002		backup_high	74	90	-	12.8286	1.39e-05	0	GCCGGACATGTCCATTA
MA0525.1.TP63		med	3	22	-	13	1.71e-05	0	GGACATGGCCGGACATGTCC
MA0525.1.TP63		backup_high	3	22	-	13	1.71e-05	0	GGACATGGCCGGACATGTCC
MA0525.1.TP63		high	3	22	-	13	1.71e-05	0	GGACATGGCCGGACATGTCC
MA0525.1.TP63		high	28	47	-	13	1.71e-05	0	GGACATGGCCGGACATGTCC
MA0525.1.TP63		backup_high	28	47	-	13	1.71e-05	0	GGACATGGCCGGACATGTCC
MA0525.1.TP63		med	34	53	-	13	1.71e-05	0	GGACATGGCCGGACATGTCC
MA0525.1.TP63		backup_high	53	72	-	13	1.71e-05	0	GGACATGGCCGGACATGTCC
MA0525.1.TP63		high	53	72	-	13	1.71e-05	0	GGACATGGCCGGACATGTCC
MA0525.1.TP63		med	65	84	-	13	1.71e-05	0	GGACATGGCCGGACATGTCC
MA0525.1.TP63		backup_high	78	97	-	13	1.71e-05	0	GGACATGGCCGGACATGTCC
MA0525.1.TP63		high	78	97	-	13	1.71e-05	0	GGACATGGCCGGACATGTCC
MA0525.1.TP63		low	96	115	-	13	1.71e-05	0	GGACATGGCCGGACATGTCC
MA0525.1.TP63		med	96	115	-	13	1.71e-05	0	GGACATGGCCGGACATGTCC
SRF_HUMAN.H10MO.A		med	52	69	+	12.6263	2e-05	0	CCATGCCTGCTATGGACA
AJ_MEIS1::SOX2		high	21	37	-	11.6974	2.05e-05	0	GGACATGTCCATTATGG
AJ_MEIS1::SOX2		backup_high	21	37	-	11.6974	2.05e-05	0	GGACATGTCCATTATGG
AJ_MEIS1::SOX2		backup_high	71	87	-	11.6974	2.05e-05	0	GGACATGTCCATTATGG
AJ_MEIS1::SOX2		high	71	87	-	11.6974	2.05e-05	0	GGACATGTCCATTATGG
AJ_TEAD4::ETV1		med	4	15	-	12.3662	2.5e-05	0	GCCGGACATGTC
AJ_TEAD4::ETV1		backup_high	4	15	-	12.3662	2.5e-05	0	GCCGGACATGTC
AJ_TEAD4::ETV1		high	4	15	-	12.3662	2.5e-05	0	GCCGGACATGTC
AJ_TEAD4::ETV1		backup_high	29	40	-	12.3662	2.5e-05	0	GCCGGACATGTC
AJ_TEAD4::ETV1		high	29	40	-	12.3662	2.5e-05	0	GCCGGACATGTC
AJ_TEAD4::ETV1		med	35	46	-	12.3662	2.5e-05	0	GCCGGACATGTC
AJ_TEAD4::ETV1		high	54	65	-	12.3662	2.5e-05	0	GCCGGACATGTC
AJ_TEAD4::ETV1		backup_high	54	65	-	12.3662	2.5e-05	0	GCCGGACATGTC
AJ_TEAD4::ETV1		med	66	77	-	12.3662	2.5e-05	0	GCCGGACATGTC
AJ_TEAD4::ETV1		backup_high	79	90	-	12.3662	2.5e-05	0	GCCGGACATGTC
AJ_TEAD4::ETV1		high	79	90	-	12.3662	2.5e-05	0	GCCGGACATGTC
AJ_TEAD4::ETV1		low	97	108	-	12.3662	2.5e-05	0	GCCGGACATGTC
AJ_TEAD4::ETV1		med	97	108	-	12.3662	2.5e-05	0	GCCGGACATGTC
P63_HUMAN.H10MO.S		backup_high	12	22	-	12.4898	2.62e-05	0	GGACATGGCCG
P63_HUMAN.H10MO.S		med	12	22	-	12.4898	2.62e-05	0	GGACATGGCCG
P63_HUMAN.H10MO.S		high	12	22	-	12.4898	2.62e-05	0	GGACATGGCCG
P63_HUMAN.H10MO.S		high	37	47	-	12.4898	2.62e-05	0	GGACATGGCCG
P63_HUMAN.H10MO.S		backup_high	37	47	-	12.4898	2.62e-05	0	GGACATGGCCG
P63_HUMAN.H10MO.S		med	43	53	-	12.4898	2.62e-05	0	GGACATGGCCG
P63_HUMAN.H10MO.S		high	62	72	-	12.4898	2.62e-05	0	GGACATGGCCG
P63_HUMAN.H10MO.S		backup_high	62	72	-	12.4898	2.62e-05	0	GGACATGGCCG
P63_HUMAN.H10MO.S		med	74	84	-	12.4898	2.62e-05	0	GGACATGGCCG
P63_HUMAN.H10MO.S		high	87	97	-	12.4898	2.62e-05	0	GGACATGGCCG
P63_HUMAN.H10MO.S		backup_high	87	97	-	12.4898	2.62e-05	0	GGACATGGCCG
P63_HUMAN.H10MO.S		low	105	115	-	12.4898	2.62e-05	0	GGACATGGCCG
P63_HUMAN.H10MO.S		med	105	115	-	12.4898	2.62e-05	0	GGACATGGCCG
MA0106.2.TP53		med	47	61	-	11.2131	2.66e-05	0	GCAGGCATGGACATG
SMiLE_ZFP14		low	85	101	+	12.3556	2.84e-05	0	ATAGAGCCCATGGACAT
SMiLE_ZFP14		med	85	101	+	12.3556	2.84e-05	0	ATAGAGCCCATGGACAT
P53_HUMAN.H10MO.B		med	44	63	-	11.0606	2.85e-05	0	TAGCAGGCATGGACATGGCC
MA0106.3.TP53		med	45	62	+	8.61224	3.17e-05	0	GCCATGTCCATGCCTGCT
AJ_ETV2::RFX5_004		med	56	77	-	10.2623	3.17e-05	0	GCCGGACATGTCCATAGCAGGC
AJ_ETV2::GSC2_004		backup_high	49	65	-	11.2951	3.26e-05	0	GCCGGACATGTCCATCA
AJ_ETV2::GSC2_004		high	49	65	-	11.2951	3.26e-05	0	GCCGGACATGTCCATCA
AJ_ETV2::DLX3_001		high	21	40	-	11.6207	3.28e-05	0	GCCGGACATGTCCATTATGG
AJ_ETV2::DLX3_001		backup_high	21	40	-	11.6207	3.28e-05	0	GCCGGACATGTCCATTATGG
AJ_ETV2::DLX3_001		high	71	90	-	11.6207	3.28e-05	0	GCCGGACATGTCCATTATGG
AJ_ETV2::DLX3_001		backup_high	71	90	-	11.6207	3.28e-05	0	GCCGGACATGTCCATTATGG
TA0767_Tp53_DBD_dimer		med	45	62	+	8.5082	3.32e-05	0	GCCATGTCCATGCCTGCT
AJ_ETV2::GSC2_003		high	20	40	-	10.8485	3.35e-05	0	GCCGGACATGTCCATTATGGA
AJ_ETV2::GSC2_003		backup_high	20	40	-	10.8485	3.35e-05	0	GCCGGACATGTCCATTATGGA
AJ_ETV2::GSC2_003		high	70	90	-	10.8485	3.35e-05	0	GCCGGACATGTCCATTATGGA
AJ_ETV2::GSC2_003		backup_high	70	90	-	10.8485	3.35e-05	0	GCCGGACATGTCCATTATGGA
AJ_TEAD4::ESRRB_002		high	43	60	-	11.5211	3.38e-05	0	ACATGTCCATCATGGACA
AJ_TEAD4::ESRRB_002		backup_high	43	60	-	11.5211	3.38e-05	0	ACATGTCCATCATGGACA
AJ_TEAD4::ETV4		med	4	15	-	11.6	3.5e-05	0	GCCGGACATGTC
AJ_TEAD4::ETV4		backup_high	4	15	-	11.6	3.5e-05	0	GCCGGACATGTC
AJ_TEAD4::ETV4		high	4	15	-	11.6	3.5e-05	0	GCCGGACATGTC
AJ_TEAD4::ETV4		backup_high	29	40	-	11.6	3.5e-05	0	GCCGGACATGTC
AJ_TEAD4::ETV4		high	29	40	-	11.6	3.5e-05	0	GCCGGACATGTC
AJ_TEAD4::ETV4		med	35	46	-	11.6	3.5e-05	0	GCCGGACATGTC
AJ_TEAD4::ETV4		high	54	65	-	11.6	3.5e-05	0	GCCGGACATGTC
AJ_TEAD4::ETV4		backup_high	54	65	-	11.6	3.5e-05	0	GCCGGACATGTC
AJ_TEAD4::ETV4		med	66	77	-	11.6	3.5e-05	0	GCCGGACATGTC
AJ_TEAD4::ETV4		backup_high	79	90	-	11.6	3.5e-05	0	GCCGGACATGTC
AJ_TEAD4::ETV4		high	79	90	-	11.6	3.5e-05	0	GCCGGACATGTC
AJ_TEAD4::ETV4		low	97	108	-	11.6	3.5e-05	0	GCCGGACATGTC
AJ_TEAD4::ETV4		med	97	108	-	11.6	3.5e-05	0	GCCGGACATGTC
MA0861.1.TP73		med	45	62	-	10.2115	3.55e-05	0	AGCAGGCATGGACATGGC
TA0768_Tp73_DBD_dimer		med	45	62	-	10.1803	3.61e-05	0	AGCAGGCATGGACATGGC
AJ_TEAD4::ERG_001		backup_high	45	65	-	8.91803	4e-05	0	GCCGGACATGTCCATCATGGA
AJ_TEAD4::ERG_001		high	45	65	-	8.91803	4e-05	0	GCCGGACATGTCCATCATGGA
MA0106.1.TP53		low	1	20	+	1.68367	4.2e-05	0	ATGGAGATCTCCGGAGATCT
MA0106.1.TP53		low	5	24	-	1.68367	4.2e-05	0	ATGGAGATCTCCGGAGATCT
MA0106.1.TP53		low	32	51	+	1.68367	4.2e-05	0	ATGGAGATCTCCGGAGATCT
MA0106.1.TP53		low	36	55	-	1.68367	4.2e-05	0	ATGGAGATCTCCGGAGATCT
MA0106.1.TP53		low	63	82	+	1.68367	4.2e-05	0	ATGGAGATCTCCGGAGATCT
MA0106.1.TP53		low	67	86	-	1.68367	4.2e-05	0	ATGGAGATCTCCGGAGATCT
TA0766_Tp53_DBD_dimer		med	56	72	+	7.60656	4.39e-05	0	GCCTGCTATGGACATGT
AJ_FLI1::DLX2_003		med	29	46	-	3.08621	4.76e-05	0	GCCGGACATGTCCATCTA
AJ_ETV2::DLX3_001		backup_high	46	65	-	10.9138	4.77e-05	0	GCCGGACATGTCCATCATGG
AJ_ETV2::DLX3_001		high	46	65	-	10.9138	4.77e-05	0	GCCGGACATGTCCATCATGG
AJ_ETV5::EVX1_002		backup_high	48	65	-	11.4242	4.79e-05	0	GCCGGACATGTCCATCAT
AJ_ETV5::EVX1_002		high	48	65	-	11.4242	4.79e-05	0	GCCGGACATGTCCATCAT
AJ_ETV2::SOX15_003		backup_high	46	65	-	8.98361	4.91e-05	0	GCCGGACATGTCCATCATGG
AJ_ETV2::SOX15_003		high	46	65	-	8.98361	4.91e-05	0	GCCGGACATGTCCATCATGG
AJ_ETV2::EVX1		low	29	46	-	11.0656	5.26e-05	0	TCCGGAGATCTCCATCTA
AJ_ETV2::SOX15_003		high	21	40	-	8.60656	5.73e-05	0	GCCGGACATGTCCATTATGG
AJ_ETV2::SOX15_003		backup_high	21	40	-	8.60656	5.73e-05	0	GCCGGACATGTCCATTATGG
AJ_ETV2::SOX15_003		backup_high	71	90	-	8.60656	5.73e-05	0	GCCGGACATGTCCATTATGG
AJ_ETV2::SOX15_003		high	71	90	-	8.60656	5.73e-05	0	GCCGGACATGTCCATTATGG
TA0065_YY2_full_monomer		med	11	21	+	11.1967	5.95e-05	0	CCGGCCATGTC
TA0065_YY2_full_monomer		backup_high	11	21	+	11.1967	5.95e-05	0	CCGGCCATGTC
TA0065_YY2_full_monomer		high	11	21	+	11.1967	5.95e-05	0	CCGGCCATGTC
TA0065_YY2_full_monomer		backup_high	36	46	+	11.1967	5.95e-05	0	CCGGCCATGTC
TA0065_YY2_full_monomer		high	36	46	+	11.1967	5.95e-05	0	CCGGCCATGTC
TA0065_YY2_full_monomer		med	42	52	+	11.1967	5.95e-05	0	CCGGCCATGTC
TA0065_YY2_full_monomer		high	61	71	+	11.1967	5.95e-05	0	CCGGCCATGTC
TA0065_YY2_full_monomer		backup_high	61	71	+	11.1967	5.95e-05	0	CCGGCCATGTC
TA0065_YY2_full_monomer		med	73	83	+	11.1967	5.95e-05	0	CCGGCCATGTC
TA0065_YY2_full_monomer		backup_high	86	96	+	11.1967	5.95e-05	0	CCGGCCATGTC
TA0065_YY2_full_monomer		high	86	96	+	11.1967	5.95e-05	0	CCGGCCATGTC
TA0065_YY2_full_monomer		low	104	114	+	11.1967	5.95e-05	0	CCGGCCATGTC
TA0065_YY2_full_monomer		med	104	114	+	11.1967	5.95e-05	0	CCGGCCATGTC
AJ_ERF::DLX3_002		backup_high	49	65	-	11.1143	6.02e-05	0	GCCGGACATGTCCATCA
AJ_ERF::DLX3_002		high	49	65	-	11.1143	6.02e-05	0	GCCGGACATGTCCATCA
MA0106.3.TP53		med	45	62	-	6.79592	6.18e-05	0	AGCAGGCATGGACATGGC
AJ_ELK1::EVX1		med	30	46	-	10.8548	6.2e-05	0	GCCGGACATGTCCATCT
TA0767_Tp53_DBD_dimer		med	45	62	-	6.65574	6.52e-05	0	AGCAGGCATGGACATGGC
AJ_ETV2::GSC2_003		backup_high	45	65	-	9.22727	6.8e-05	0	GCCGGACATGTCCATCATGGA
AJ_ETV2::GSC2_003		high	45	65	-	9.22727	6.8e-05	0	GCCGGACATGTCCATCATGGA
AJ_ETV2::FOXI1_003		high	24	40	-	10.6757	6.83e-05	0	GCCGGACATGTCCATTA
AJ_ETV2::FOXI1_003		backup_high	24	40	-	10.6757	6.83e-05	0	GCCGGACATGTCCATTA
AJ_ETV2::FOXI1_003		high	74	90	-	10.6757	6.83e-05	0	GCCGGACATGTCCATTA
AJ_ETV2::FOXI1_003		backup_high	74	90	-	10.6757	6.83e-05	0	GCCGGACATGTCCATTA
AJ_ETV2::GSC2_001		med	24	46	-	7.44262	6.87e-05	0	GCCGGACATGTCCATCTAGTCTA
AJ_ETV2::FOXI1_003		low	92	108	-	10.6306	7.02e-05	0	GCCGGACATGTCCATGG
AJ_ETV2::FOXI1_003		med	92	108	-	10.6306	7.02e-05	0	GCCGGACATGTCCATGG
P53_HUMAN.H10MO.B		med	44	63	+	9.18182	7.3e-05	0	GGCCATGTCCATGCCTGCTA
AJ_MEIS1::SOX2		high	13	29	+	8.78947	7.47e-05	0	GGCCATGTCCATAATGG
AJ_MEIS1::SOX2		backup_high	13	29	+	8.78947	7.47e-05	0	GGCCATGTCCATAATGG
AJ_MEIS1::SOX2		backup_high	63	79	+	8.78947	7.47e-05	0	GGCCATGTCCATAATGG
AJ_MEIS1::SOX2		high	63	79	+	8.78947	7.47e-05	0	GGCCATGTCCATAATGG
AJ_TEAD4::ESRRB_002		med	49	66	-	9.91549	7.73e-05	0	CCATAGCAGGCATGGACA
HU0001_ZNF675		low	45	61	-	-1.05769	8.15e-05	0	GCAGGCATGGAGATCTC
MA0138.1.REST		med	76	94	+	3.64286	8.36e-05	0	GCCATGTCCATAGAGCCCA
AJ_ETV2::FOXI1_003		med	30	46	-	10.3333	8.43e-05	0	GCCGGACATGTCCATCT
AJ_TEAD4::ESRRB_002		med	52	69	+	9.70423	8.57e-05	0	CCATGCCTGCTATGGACA
P73_HUMAN.H10MO.S		med	2	13	-	10.9798	8.67e-05	0	CGGACATGTCCA
P73_HUMAN.H10MO.S		backup_high	2	13	-	10.9798	8.67e-05	0	CGGACATGTCCA
P73_HUMAN.H10MO.S		high	2	13	-	10.9798	8.67e-05	0	CGGACATGTCCA
P73_HUMAN.H10MO.S		high	27	38	-	10.9798	8.67e-05	0	CGGACATGTCCA
P73_HUMAN.H10MO.S		backup_high	27	38	-	10.9798	8.67e-05	0	CGGACATGTCCA
P73_HUMAN.H10MO.S		med	33	44	-	10.9798	8.67e-05	0	CGGACATGTCCA
P73_HUMAN.H10MO.S		backup_high	52	63	-	10.9798	8.67e-05	0	CGGACATGTCCA
P73_HUMAN.H10MO.S		high	52	63	-	10.9798	8.67e-05	0	CGGACATGTCCA
P73_HUMAN.H10MO.S		med	64	75	-	10.9798	8.67e-05	0	CGGACATGTCCA
P73_HUMAN.H10MO.S		backup_high	77	88	-	10.9798	8.67e-05	0	CGGACATGTCCA
P73_HUMAN.H10MO.S		high	77	88	-	10.9798	8.67e-05	0	CGGACATGTCCA
P73_HUMAN.H10MO.S		low	95	106	-	10.9798	8.67e-05	0	CGGACATGTCCA
P73_HUMAN.H10MO.S		med	95	106	-	10.9798	8.67e-05	0	CGGACATGTCCA
BARX2_HUMAN.H10MO.D		high	20	29	+	10.9406	9.42e-05	0	TCCATAATGG
BARX2_HUMAN.H10MO.D		backup_high	20	29	+	10.9406	9.42e-05	0	TCCATAATGG
BARX2_HUMAN.H10MO.D		backup_high	70	79	+	10.9406	9.42e-05	0	TCCATAATGG
BARX2_HUMAN.H10MO.D		high	70	79	+	10.9406	9.42e-05	0	TCCATAATGG
AJ_TEAD4::ERG_003		med	4	15	-	9.13636	9.42e-05	0	GCCGGACATGTC
AJ_TEAD4::ERG_003		backup_high	4	15	-	9.13636	9.42e-05	0	GCCGGACATGTC
AJ_TEAD4::ERG_003		high	4	15	-	9.13636	9.42e-05	0	GCCGGACATGTC
AJ_TEAD4::ERG_003		backup_high	29	40	-	9.13636	9.42e-05	0	GCCGGACATGTC
AJ_TEAD4::ERG_003		high	29	40	-	9.13636	9.42e-05	0	GCCGGACATGTC
AJ_TEAD4::ERG_003		med	35	46	-	9.13636	9.42e-05	0	GCCGGACATGTC
AJ_TEAD4::ERG_003		high	54	65	-	9.13636	9.42e-05	0	GCCGGACATGTC
AJ_TEAD4::ERG_003		backup_high	54	65	-	9.13636	9.42e-05	0	GCCGGACATGTC
AJ_TEAD4::ERG_003		med	66	77	-	9.13636	9.42e-05	0	GCCGGACATGTC
AJ_TEAD4::ERG_003		backup_high	79	90	-	9.13636	9.42e-05	0	GCCGGACATGTC
AJ_TEAD4::ERG_003		high	79	90	-	9.13636	9.42e-05	0	GCCGGACATGTC
AJ_TEAD4::ERG_003		low	97	108	-	9.13636	9.42e-05	0	GCCGGACATGTC
AJ_TEAD4::ERG_003		med	97	108	-	9.13636	9.42e-05	0	GCCGGACATGTC
MA0138.1.REST		low	76	94	+	3.23469	9.5e-05	0	GAGATCTCCATAGAGCCCA
MA0106.1.TP53		low	88	107	-	-1.28571	9.51e-05	0	CCGGACATGTCCATGGGCTC
MA0106.1.TP53		med	88	107	-	-1.28571	9.51e-05	0	CCGGACATGTCCATGGGCTC
ZSC16_HUMAN.H10MO.D		med	77	96	-	7.20202	9.69e-05	0	CATGGGCTCTATGGACATGG
MA0861.1.TP73		med	45	62	+	7.53846	9.78e-05	0	GCCATGTCCATGCCTGCT
TA0768_Tp73_DBD_dimer		med	45	62	+	7.54098	9.79e-05	0	GCCATGTCCATGCCTGCT
IRX2_HUMAN.H10MO.D		med	2	20	-	10.3483	9.81e-05	0	ACATGGCCGGACATGTCCA
IRX2_HUMAN.H10MO.D		backup_high	2	20	-	10.3483	9.81e-05	0	ACATGGCCGGACATGTCCA
IRX2_HUMAN.H10MO.D		high	2	20	-	10.3483	9.81e-05	0	ACATGGCCGGACATGTCCA
IRX2_HUMAN.H10MO.D		backup_high	27	45	-	10.3483	9.81e-05	0	ACATGGCCGGACATGTCCA
IRX2_HUMAN.H10MO.D		high	27	45	-	10.3483	9.81e-05	0	ACATGGCCGGACATGTCCA
IRX2_HUMAN.H10MO.D		med	33	51	-	10.3483	9.81e-05	0	ACATGGCCGGACATGTCCA
IRX2_HUMAN.H10MO.D		high	52	70	-	10.3483	9.81e-05	0	ACATGGCCGGACATGTCCA
IRX2_HUMAN.H10MO.D		backup_high	52	70	-	10.3483	9.81e-05	0	ACATGGCCGGACATGTCCA
IRX2_HUMAN.H10MO.D		med	64	82	-	10.3483	9.81e-05	0	ACATGGCCGGACATGTCCA
IRX2_HUMAN.H10MO.D		backup_high	77	95	-	10.3483	9.81e-05	0	ACATGGCCGGACATGTCCA
IRX2_HUMAN.H10MO.D		high	77	95	-	10.3483	9.81e-05	0	ACATGGCCGGACATGTCCA
IRX2_HUMAN.H10MO.D		low	95	113	-	10.3483	9.81e-05	0	ACATGGCCGGACATGTCCA
IRX2_HUMAN.H10MO.D		med	95	113	-	10.3483	9.81e-05	0	ACATGGCCGGACATGTCCA

# FIMO (Find Individual Motif Occurrences): Version 5.1.0 compiled on Dec 12 2019 at 05:53:28
# The format of this file is described at http://meme-suite.org/doc/fimo-output-format.html.
# fimo --no-qvalue --thresh 1e-4 --verbosity 1 --o /home/m.trauernicht/mydata/projects/SuRE_deep_scan_trp53_gr/analyses/results_tineke_vidi/fimo /home/f.comoglio/mydata/Annotations/TFDB/Curated_Natoli/update_2017/20170320_pwms_selected.meme /home/m.trauernicht/mydata/projects/SuRE_deep_scan_trp53_gr/analyses/results_tineke_vidi/mt20210730_reporter_sequences.fasta
